[
  {
    "value": "(reg)|(REG)[0-9]{3,}",
    "synonyms": [
      "(reg)|(REG)[0-9]{3,}"
    ]
  },
  {
    "value": "[Mm][0-9]{5,6}[A-Za-z]",
    "synonyms": [
      "[Mm][0-9]{5,6}[A-Za-z]"
    ]
  },
  {
    "value": "(([Dd][Rr])|(A.+)?[Pp]rof) ?[a-zA-Z ?].*",
    "synonyms": [
      "(([Dd][Rr])|(A.+)?[Pp]rof) ?[a-zA-Z ?].*"
    ]
  },
  {
    "value": ".*(hospital)|(Hospital)|(HOSPITAL).*",
    "synonyms": [
      ".*(hospital)|(Hospital)|(HOSPITAL).*"
    ]
  },
  {
    "value": ".*(Clinic)|(CLINIC).*",
    "synonyms": [
      ".*(Clinic)|(CLINIC).*"
    ]
  },
  {
    "value": ".*Doctor.*",
    "synonyms": [
      ".*Doctor.*"
    ]
  },
  {
    "value": "[a-zA-Z ].*",
    "synonyms": [
      "[a-zA-Z ].*"
    ]
  }
]