[
  {
    "value": "dr lim clinic",
    "synonyms": [
      "dr lim clinic"
    ]
  },
  {
    "value": "dr goh clinic and surgery",
    "synonyms": [
      "dr goh clinic and surgery"
    ]
  },
  {
    "value": "mount elizabeth medical centre",
    "synonyms": [
      "mount elizabeth medical centre"
    ]
  },
  {
    "value": "lim digestive and surgery",
    "synonyms": [
      "lim digestive and surgery"
    ]
  },
  {
    "value": "dr lim digestive \u0026 liver clinic pte ltd",
    "synonyms": [
      "dr lim digestive \u0026 liver clinic pte ltd"
    ]
  },
  {
    "value": "tan clinic and surgery",
    "synonyms": [
      "tan clinic and surgery"
    ]
  },
  {
    "value": "(reg)|(REG)[0-9]{3,}",
    "synonyms": [
      "(reg)|(REG)[0-9]{3,}"
    ]
  },
  {
    "value": "[Mm][0-9]{5,6}[A-Za-z]",
    "synonyms": [
      "[Mm][0-9]{5,6}[A-Za-z]"
    ]
  },
  {
    "value": "([Dd][Rr])|(A.+)?[Pp]rof.*",
    "synonyms": [
      "([Dd][Rr])|(A.+)?[Pp]rof.*"
    ]
  },
  {
    "value": ".*hospital",
    "synonyms": [
      ".*hospital"
    ]
  },
  {
    "value": ".*clinic",
    "synonyms": [
      ".*clinic"
    ]
  },
  {
    "value": "doctor.*",
    "synonyms": [
      "doctor.*"
    ]
  }
]