[
  {
    "value": "dr lim clinic",
    "synonyms": [
      "dr lim clinic"
    ]
  },
  {
    "value": "dr goh clinic and surgery",
    "synonyms": [
      "dr goh clinic",
      "dr goh clinic \u0026 surgery"
    ]
  },
  {
    "value": "mount elizabeth medical centre",
    "synonyms": [
      "mount elizabeth medical centre"
    ]
  },
  {
    "value": "lim digestive and surgery",
    "synonyms": [
      "lim digestive and surgery"
    ]
  },
  {
    "value": "dr lim digestive \u0026 liver clinic pte ltd",
    "synonyms": [
      "dr lim digestive \u0026 liver clinic pte ltd"
    ]
  },
  {
    "value": "tan clinic and surgery",
    "synonyms": [
      "tan clinic and surgery"
    ]
  }
]