[
  {
    "id": "2324e0ec-ce6a-4bde-a4a8-5842936fb007",
    "data": [
      {
        "text": "otp is ",
        "userDefined": false
      },
      {
        "text": "234329",
        "alias": "otp",
        "meta": "@sys.number",
        "userDefined": true
      }
    ],
    "isTemplate": false,
    "count": 0,
    "updated": 0
  },
  {
    "id": "68447db4-8737-4a68-b35c-6f225eee1d33",
    "data": [
      {
        "text": "123456",
        "alias": "otp",
        "meta": "@sys.number",
        "userDefined": true
      }
    ],
    "isTemplate": false,
    "count": 0,
    "updated": 0
  }
]