[
  {
    "id": "045949f7-d3ba-4713-ab66-8c9b62806e78",
    "data": [
      {
        "text": "otp is ",
        "userDefined": false
      },
      {
        "text": "234329",
        "alias": "otp",
        "meta": "@sys.number",
        "userDefined": true
      }
    ],
    "isTemplate": false,
    "count": 0,
    "updated": 0
  },
  {
    "id": "24162ef8-5978-45bd-9c7f-ce4189917e16",
    "data": [
      {
        "text": "123456",
        "alias": "otp",
        "meta": "@sys.number",
        "userDefined": true
      }
    ],
    "isTemplate": false,
    "count": 0,
    "updated": 0
  }
]