[
  {
    "id": "41ce1de1-3729-4f1f-b96c-004a2a577896",
    "data": [
      {
        "text": "start a claim for ID ",
        "userDefined": false
      },
      {
        "text": "S7915541C",
        "alias": "InsuredID",
        "meta": "@idnumber",
        "userDefined": true
      }
    ],
    "isTemplate": false,
    "count": 0,
    "updated": 0
  },
  {
    "id": "c7877fad-7411-40ff-b61a-49593e032656",
    "data": [
      {
        "text": "i want to claim for ",
        "userDefined": false
      },
      {
        "text": "S7915541C",
        "alias": "InsuredID",
        "meta": "@idnumber",
        "userDefined": true
      }
    ],
    "isTemplate": false,
    "count": 0,
    "updated": 0
  },
  {
    "id": "8a90ea3c-df94-441e-bce3-a9b345bc1838",
    "data": [
      {
        "text": "pls submit a claim for ID ",
        "userDefined": false
      },
      {
        "text": "S7915541C",
        "alias": "InsuredID",
        "meta": "@idnumber",
        "userDefined": true
      }
    ],
    "isTemplate": false,
    "count": 0,
    "updated": 0
  },
  {
    "id": "76b089ac-736f-4ced-b528-d4540f72efa7",
    "data": [
      {
        "text": "i want to claim",
        "userDefined": false
      }
    ],
    "isTemplate": false,
    "count": 0,
    "updated": 0
  },
  {
    "id": "5372d364-4d38-4f35-bf07-3544a7f5685f",
    "data": [
      {
        "text": "IC is ",
        "userDefined": false
      },
      {
        "text": "S6786897I",
        "alias": "InsuredID",
        "meta": "@idnumber",
        "userDefined": true
      }
    ],
    "isTemplate": false,
    "count": 0,
    "updated": 0
  },
  {
    "id": "b91a76a2-505d-4f38-aba2-1e1c2c8586f6",
    "data": [
      {
        "text": "ID number is ",
        "userDefined": false
      },
      {
        "text": "S1234567X",
        "alias": "InsuredID",
        "meta": "@idnumber",
        "userDefined": true
      }
    ],
    "isTemplate": false,
    "count": 0,
    "updated": 0
  },
  {
    "id": "718c2d2e-f73f-4bd1-831d-be081327fbbe",
    "data": [
      {
        "text": "How to submit claim",
        "userDefined": false
      }
    ],
    "isTemplate": false,
    "count": 0,
    "updated": 0
  },
  {
    "id": "a21c5c73-e91c-4c92-b93b-1e57ec23d833",
    "data": [
      {
        "text": "i want to claim my doctor visit",
        "userDefined": false
      }
    ],
    "isTemplate": false,
    "count": 0,
    "updated": 0
  },
  {
    "id": "2bf043c6-405e-4085-a5f2-abd9342b1c7a",
    "data": [
      {
        "text": "i want to submit a claim",
        "userDefined": false
      }
    ],
    "isTemplate": false,
    "count": 0,
    "updated": 0
  },
  {
    "id": "a9841b49-877b-4f13-92d4-3f447773b41a",
    "data": [
      {
        "text": "i want to submit a bill",
        "userDefined": false
      }
    ],
    "isTemplate": false,
    "count": 0,
    "updated": 0
  },
  {
    "id": "f413b8fb-9087-4199-be92-33819970902e",
    "data": [
      {
        "text": "I want to claim my bill",
        "userDefined": false
      }
    ],
    "isTemplate": false,
    "count": 0,
    "updated": 0
  },
  {
    "id": "88c77f15-7166-48c2-8710-6980539b3227",
    "data": [
      {
        "text": "I want to file a claim",
        "userDefined": false
      }
    ],
    "isTemplate": false,
    "count": 0,
    "updated": 0
  }
]