[
  {
    "id": "aae6717f-50fe-4f24-b499-aae2ea9318a2",
    "data": [
      {
        "text": "otp is ",
        "userDefined": false
      },
      {
        "text": "234329",
        "alias": "otp",
        "meta": "@sys.number",
        "userDefined": true
      }
    ],
    "isTemplate": false,
    "count": 0,
    "updated": 0
  },
  {
    "id": "1e86b07c-2e69-4ae9-b3f6-e792637ea1ef",
    "data": [
      {
        "text": "123456",
        "alias": "otp",
        "meta": "@sys.number",
        "userDefined": true
      }
    ],
    "isTemplate": false,
    "count": 0,
    "updated": 0
  }
]