[
  {
    "id": "cc76267c-9a68-4940-a05c-7f6ef16f0d15",
    "data": [
      {
        "text": "How to submit claim",
        "userDefined": false
      }
    ],
    "isTemplate": false,
    "count": 0,
    "updated": 0
  },
  {
    "id": "f1dcecdc-7b4c-40dd-ab2e-80c6d0073b57",
    "data": [
      {
        "text": "i want to claim my doctor visit",
        "userDefined": false
      }
    ],
    "isTemplate": false,
    "count": 0,
    "updated": 0
  },
  {
    "id": "49cf03f2-724f-448f-94fb-b77fe50687e5",
    "data": [
      {
        "text": "i want to submit a claim",
        "userDefined": false
      }
    ],
    "isTemplate": false,
    "count": 0,
    "updated": 0
  },
  {
    "id": "40a86f38-4e2d-451a-8dbd-6ec44a671f3d",
    "data": [
      {
        "text": "i want to submit a bill",
        "userDefined": false
      }
    ],
    "isTemplate": false,
    "count": 0,
    "updated": 0
  },
  {
    "id": "46fc0f8f-cb8f-436f-8648-68e7b00e391d",
    "data": [
      {
        "text": "I want to claim my bill",
        "userDefined": false
      }
    ],
    "isTemplate": false,
    "count": 0,
    "updated": 0
  },
  {
    "id": "4e0e5bea-c7bd-4aae-bd13-34a3b3f51de9",
    "data": [
      {
        "text": "I want to file a claim",
        "userDefined": false
      }
    ],
    "isTemplate": false,
    "count": 0,
    "updated": 0
  }
]