[
  {
    "id": "b6f0eba9-abea-4a11-8f2a-3683b099112c",
    "data": [
      {
        "text": "IC is ",
        "userDefined": false
      },
      {
        "text": "S6786897I",
        "alias": "InsuredID",
        "meta": "@idnumber",
        "userDefined": true
      }
    ],
    "isTemplate": false,
    "count": 0,
    "updated": 0
  },
  {
    "id": "7589f718-9d9e-4606-9135-50cbc9066a7d",
    "data": [
      {
        "text": "ID number is ",
        "userDefined": false
      },
      {
        "text": "S1234567X",
        "alias": "InsuredID",
        "meta": "@idnumber",
        "userDefined": true
      }
    ],
    "isTemplate": false,
    "count": 0,
    "updated": 0
  },
  {
    "id": "c9ea2703-d9f5-4c61-8f47-05f7a8edc901",
    "data": [
      {
        "text": "How to submit claim",
        "userDefined": false
      }
    ],
    "isTemplate": false,
    "count": 0,
    "updated": 0
  },
  {
    "id": "45b32250-1d23-474d-a2ad-454b5c8bb1bb",
    "data": [
      {
        "text": "i want to claim my doctor visit",
        "userDefined": false
      }
    ],
    "isTemplate": false,
    "count": 0,
    "updated": 0
  },
  {
    "id": "d19db16b-788d-437e-bc23-572f2dd5c32c",
    "data": [
      {
        "text": "i want to submit a claim",
        "userDefined": false
      }
    ],
    "isTemplate": false,
    "count": 0,
    "updated": 0
  },
  {
    "id": "ad2dbb29-bb15-42a7-bb16-674f0d09cff3",
    "data": [
      {
        "text": "i want to submit a bill",
        "userDefined": false
      }
    ],
    "isTemplate": false,
    "count": 0,
    "updated": 0
  },
  {
    "id": "a671d165-6324-4d23-a437-9b2286147ba5",
    "data": [
      {
        "text": "I want to claim my bill",
        "userDefined": false
      }
    ],
    "isTemplate": false,
    "count": 0,
    "updated": 0
  },
  {
    "id": "7f364a5f-f9db-403b-b555-ff6f438a5565",
    "data": [
      {
        "text": "I want to file a claim",
        "userDefined": false
      }
    ],
    "isTemplate": false,
    "count": 0,
    "updated": 0
  }
]