[
  {
    "id": "81b4c4ca-93f4-4bd8-bd2d-7b282f995314",
    "data": [
      {
        "text": "otp is ",
        "userDefined": false
      },
      {
        "text": "234329",
        "alias": "otp",
        "meta": "@sys.number",
        "userDefined": true
      }
    ],
    "isTemplate": false,
    "count": 0,
    "updated": 0
  },
  {
    "id": "8bc4c43d-6577-43bd-bb0e-db0952728dfd",
    "data": [
      {
        "text": "123456",
        "alias": "otp",
        "meta": "@sys.number",
        "userDefined": true
      }
    ],
    "isTemplate": false,
    "count": 0,
    "updated": 0
  }
]