[
  {
    "id": "4e738696-a13a-40f0-af8e-d0e9c0c6c53f",
    "data": [
      {
        "text": "start a claim for ID ",
        "userDefined": false
      },
      {
        "text": "S7915541C",
        "alias": "InsuredID",
        "meta": "@idnumber",
        "userDefined": true
      }
    ],
    "isTemplate": false,
    "count": 0,
    "updated": 0
  },
  {
    "id": "81309be6-c124-4293-ac92-72d602ebfae8",
    "data": [
      {
        "text": "i want to claim for ",
        "userDefined": false
      },
      {
        "text": "S7915541C",
        "alias": "InsuredID",
        "meta": "@idnumber",
        "userDefined": true
      }
    ],
    "isTemplate": false,
    "count": 0,
    "updated": 0
  },
  {
    "id": "b19dce35-d93f-4651-b1c1-50d83d22bf2e",
    "data": [
      {
        "text": "pls submit a claim for ID ",
        "userDefined": false
      },
      {
        "text": "S7915541C",
        "alias": "InsuredID",
        "meta": "@idnumber",
        "userDefined": true
      }
    ],
    "isTemplate": false,
    "count": 0,
    "updated": 0
  },
  {
    "id": "aab17d69-6fbf-4853-890a-9befe39dd0a9",
    "data": [
      {
        "text": "i want to claim",
        "userDefined": false
      }
    ],
    "isTemplate": false,
    "count": 0,
    "updated": 0
  },
  {
    "id": "70e8217a-8361-4dec-96ff-35269591d567",
    "data": [
      {
        "text": "IC is ",
        "userDefined": false
      },
      {
        "text": "S6786897I",
        "alias": "InsuredID",
        "meta": "@idnumber",
        "userDefined": true
      }
    ],
    "isTemplate": false,
    "count": 0,
    "updated": 0
  },
  {
    "id": "7f4dd1bd-55e5-47d2-9398-bf73ea9f9444",
    "data": [
      {
        "text": "ID number is ",
        "userDefined": false
      },
      {
        "text": "S1234567X",
        "alias": "InsuredID",
        "meta": "@idnumber",
        "userDefined": true
      }
    ],
    "isTemplate": false,
    "count": 0,
    "updated": 0
  },
  {
    "id": "d7b22d87-867e-4cc4-9b6a-58f66326e518",
    "data": [
      {
        "text": "How to submit claim",
        "userDefined": false
      }
    ],
    "isTemplate": false,
    "count": 0,
    "updated": 0
  },
  {
    "id": "43857173-887c-4365-a6c9-eabef990923a",
    "data": [
      {
        "text": "i want to claim my doctor visit",
        "userDefined": false
      }
    ],
    "isTemplate": false,
    "count": 0,
    "updated": 0
  },
  {
    "id": "3666c28d-796f-4501-bcf2-214743e7bc79",
    "data": [
      {
        "text": "i want to submit a claim",
        "userDefined": false
      }
    ],
    "isTemplate": false,
    "count": 0,
    "updated": 0
  },
  {
    "id": "b42e9c49-6d34-49ad-9b7b-3280c2c9baa8",
    "data": [
      {
        "text": "i want to submit a bill",
        "userDefined": false
      }
    ],
    "isTemplate": false,
    "count": 0,
    "updated": 0
  },
  {
    "id": "cae2b200-95b3-4ef8-9b5f-85f16c91aa0e",
    "data": [
      {
        "text": "I want to claim my bill",
        "userDefined": false
      }
    ],
    "isTemplate": false,
    "count": 0,
    "updated": 0
  },
  {
    "id": "1cd6bed7-00a3-427f-89a3-31179d028249",
    "data": [
      {
        "text": "I want to file a claim",
        "userDefined": false
      }
    ],
    "isTemplate": false,
    "count": 0,
    "updated": 0
  }
]