[
  {
    "id": "12a6346c-3ab0-4a2c-80af-0bc492e8f5f9",
    "data": [
      {
        "text": "otp is ",
        "userDefined": false
      },
      {
        "text": "234329",
        "alias": "otp",
        "meta": "@sys.number",
        "userDefined": true
      }
    ],
    "isTemplate": false,
    "count": 0,
    "updated": 0
  },
  {
    "id": "fd07b59c-38e6-43da-8b23-3ae6b81f0315",
    "data": [
      {
        "text": "123456",
        "alias": "otp",
        "meta": "@sys.number",
        "userDefined": true
      }
    ],
    "isTemplate": false,
    "count": 0,
    "updated": 0
  }
]