[
  {
    "id": "03b07d9e-9129-4548-a5c8-30e588328a56",
    "data": [
      {
        "text": "i want to claim",
        "userDefined": false
      }
    ],
    "isTemplate": false,
    "count": 0,
    "updated": 0
  },
  {
    "id": "052cddac-cf28-47f6-9f8a-b0fbd6402022",
    "data": [
      {
        "text": "IC is ",
        "userDefined": false
      },
      {
        "text": "S6786897I",
        "alias": "InsuredID",
        "meta": "@idnumber",
        "userDefined": true
      }
    ],
    "isTemplate": false,
    "count": 0,
    "updated": 0
  },
  {
    "id": "820d494d-05d9-4c23-b156-46f66acc9c33",
    "data": [
      {
        "text": "ID number is ",
        "userDefined": false
      },
      {
        "text": "S1234567X",
        "alias": "InsuredID",
        "meta": "@idnumber",
        "userDefined": true
      }
    ],
    "isTemplate": false,
    "count": 0,
    "updated": 0
  },
  {
    "id": "5b4bd2a5-efc0-442f-819f-1e6da8ac18fa",
    "data": [
      {
        "text": "How to submit claim",
        "userDefined": false
      }
    ],
    "isTemplate": false,
    "count": 0,
    "updated": 0
  },
  {
    "id": "7762e1a5-f07b-441b-947c-fec1e2b1cac8",
    "data": [
      {
        "text": "i want to claim my doctor visit",
        "userDefined": false
      }
    ],
    "isTemplate": false,
    "count": 0,
    "updated": 0
  },
  {
    "id": "16d09a9b-8c17-4307-90a7-3b4353bb5a3e",
    "data": [
      {
        "text": "i want to submit a claim",
        "userDefined": false
      }
    ],
    "isTemplate": false,
    "count": 0,
    "updated": 0
  },
  {
    "id": "5e2efa94-e48c-40d5-a0ca-ecd855b70672",
    "data": [
      {
        "text": "i want to submit a bill",
        "userDefined": false
      }
    ],
    "isTemplate": false,
    "count": 0,
    "updated": 0
  },
  {
    "id": "e5c986d2-8474-4e7a-825f-f570c02a617b",
    "data": [
      {
        "text": "I want to claim my bill",
        "userDefined": false
      }
    ],
    "isTemplate": false,
    "count": 0,
    "updated": 0
  },
  {
    "id": "1d3af02d-71d5-4e46-8c16-1a14a922f551",
    "data": [
      {
        "text": "I want to file a claim",
        "userDefined": false
      }
    ],
    "isTemplate": false,
    "count": 0,
    "updated": 0
  }
]