[
  {
    "id": "0a2662ed-7fba-4f61-912b-b8f4d0d56cd6",
    "data": [
      {
        "text": "demo",
        "userDefined": false
      }
    ],
    "isTemplate": false,
    "count": 0,
    "updated": 0
  },
  {
    "id": "1afde94e-27dd-432e-9ef2-6ea51a2447fa",
    "data": [
      {
        "text": "i want demo sample data",
        "userDefined": false
      }
    ],
    "isTemplate": false,
    "count": 0,
    "updated": 0
  },
  {
    "id": "605c34c4-e9d3-451e-adfd-4659fe829351",
    "data": [
      {
        "text": "sample data",
        "userDefined": false
      }
    ],
    "isTemplate": false,
    "count": 0,
    "updated": 0
  },
  {
    "id": "fca10033-70da-432c-92a6-042a2f2ec4e6",
    "data": [
      {
        "text": "help me",
        "userDefined": false
      }
    ],
    "isTemplate": false,
    "count": 0,
    "updated": 0
  }
]