[
  {
    "id": "1eeaeec3-4cf7-4c18-9eb0-ae89b69819c9",
    "data": [
      {
        "text": "demo",
        "userDefined": false
      }
    ],
    "isTemplate": false,
    "count": 0,
    "updated": 0
  },
  {
    "id": "d398bdaf-a4d0-45d4-a2b6-760df8a68385",
    "data": [
      {
        "text": "i want demo sample data",
        "userDefined": false
      }
    ],
    "isTemplate": false,
    "count": 0,
    "updated": 0
  },
  {
    "id": "32850f1b-6ae1-43ea-88f8-8cb113f1bdea",
    "data": [
      {
        "text": "sample data",
        "userDefined": false
      }
    ],
    "isTemplate": false,
    "count": 0,
    "updated": 0
  },
  {
    "id": "1f3e14dc-9e57-4319-b6f8-c59c4865411f",
    "data": [
      {
        "text": "help me",
        "userDefined": false
      }
    ],
    "isTemplate": false,
    "count": 0,
    "updated": 0
  }
]