[
  {
    "id": "66d7c8ee-715d-41e1-b131-73246fa57718",
    "data": [
      {
        "text": "demo",
        "userDefined": false
      }
    ],
    "isTemplate": false,
    "count": 0,
    "updated": 0
  },
  {
    "id": "9e844b84-6afe-439c-8c84-4b0acecff351",
    "data": [
      {
        "text": "i want demo sample data",
        "userDefined": false
      }
    ],
    "isTemplate": false,
    "count": 0,
    "updated": 0
  },
  {
    "id": "b9567106-f9cd-4403-ba71-4fb633a46a95",
    "data": [
      {
        "text": "sample data",
        "userDefined": false
      }
    ],
    "isTemplate": false,
    "count": 0,
    "updated": 0
  },
  {
    "id": "a86e6cef-796e-414d-ad2f-527b0d231fcb",
    "data": [
      {
        "text": "help me",
        "userDefined": false
      }
    ],
    "isTemplate": false,
    "count": 0,
    "updated": 0
  }
]