[
  {
    "id": "0b092f4a-9a9e-494f-a96b-52a9611e8cf3",
    "data": [
      {
        "text": "specialist ",
        "userDefined": false
      },
      {
        "text": "A/Prof (Adj) Aaron Wong Sung Lung",
        "alias": "Specialist",
        "meta": "@specialist",
        "userDefined": true
      }
    ],
    "isTemplate": false,
    "count": 0,
    "updated": 0
  },
  {
    "id": "51228aa1-fadd-42d6-bbb8-f33069c3c2b9",
    "data": [
      {
        "text": "the doctor is ",
        "userDefined": false
      },
      {
        "text": "A/Prof (Adj) Aaron Wong Sung Lung",
        "alias": "Specialist",
        "meta": "@specialist",
        "userDefined": true
      }
    ],
    "isTemplate": false,
    "count": 0,
    "updated": 0
  },
  {
    "id": "11652a34-3faa-42f3-b9a8-341bf355790e",
    "data": [
      {
        "text": "A/Prof (Adj) Aaron Wong Sung Lung",
        "alias": "Specialist",
        "meta": "@specialist",
        "userDefined": true
      }
    ],
    "isTemplate": false,
    "count": 0,
    "updated": 0
  },
  {
    "id": "6c2aaed5-7297-49d1-a73d-5ffca999dab0",
    "data": [
      {
        "text": "post surgery check up",
        "alias": "ClaimRemark",
        "meta": "@sys.any",
        "userDefined": true
      }
    ],
    "isTemplate": false,
    "count": 0,
    "updated": 0
  },
  {
    "id": "3b85638f-da54-45d5-8033-5c8b7a69ca38",
    "data": [
      {
        "text": "post surgery follow up",
        "alias": "ClaimRemark",
        "meta": "@sys.any",
        "userDefined": true
      }
    ],
    "isTemplate": false,
    "count": 0,
    "updated": 0
  },
  {
    "id": "b16b240d-16d4-471c-b761-bd38d1e37f15",
    "data": [
      {
        "text": "physiotherapy",
        "alias": "ClaimRemark",
        "meta": "@sys.any",
        "userDefined": true
      }
    ],
    "isTemplate": false,
    "count": 0,
    "updated": 0
  },
  {
    "id": "ea54faf2-2b95-462f-b195-8f871783e946",
    "data": [
      {
        "text": "bill claim is for ",
        "userDefined": false
      },
      {
        "text": "chemotherapy",
        "alias": "ClaimRemark",
        "meta": "@sys.any",
        "userDefined": true
      }
    ],
    "isTemplate": false,
    "count": 0,
    "updated": 0
  },
  {
    "id": "29a3e363-9eda-46f7-b1c9-0a739017b8cf",
    "data": [
      {
        "text": "this bill is for ",
        "userDefined": false
      },
      {
        "text": "stitch removal",
        "alias": "ClaimRemark",
        "meta": "@sys.any",
        "userDefined": true
      }
    ],
    "isTemplate": false,
    "count": 0,
    "updated": 0
  },
  {
    "id": "45e32ca5-4b60-4c74-818b-16be1f016315",
    "data": [
      {
        "text": "the bill is about ",
        "userDefined": false
      },
      {
        "text": "physiotherapy",
        "alias": "ClaimRemark",
        "meta": "@sys.any",
        "userDefined": true
      }
    ],
    "isTemplate": false,
    "count": 0,
    "updated": 0
  },
  {
    "id": "ecf0ffe2-1dd3-4cbd-9edc-f9aae20ca058",
    "data": [
      {
        "text": "M07257E",
        "alias": "Specialist",
        "meta": "@specialist",
        "userDefined": true
      }
    ],
    "isTemplate": false,
    "count": 1,
    "updated": 0
  },
  {
    "id": "c890a628-5a27-4777-bfb0-51f74ceb0973",
    "data": [
      {
        "text": "M11488Z",
        "alias": "Specialist",
        "meta": "@specialist",
        "userDefined": true
      }
    ],
    "isTemplate": false,
    "count": 1,
    "updated": 0
  },
  {
    "id": "a59c5632-dba2-422b-89e2-346dd60adebf",
    "data": [
      {
        "text": "M09503F",
        "alias": "Specialist",
        "meta": "@specialist",
        "userDefined": false
      }
    ],
    "isTemplate": false,
    "count": 1,
    "updated": 0
  },
  {
    "id": "21024582-fa2d-4f6c-9d09-50fcac817cfe",
    "data": [
      {
        "text": "M05382A",
        "alias": "Specialist",
        "meta": "@specialist",
        "userDefined": true
      }
    ],
    "isTemplate": false,
    "count": 1,
    "updated": 0
  },
  {
    "id": "4cd99c76-528d-4a68-89b1-1ed316601f21",
    "data": [
      {
        "text": "M02893B",
        "alias": "Specialist",
        "meta": "@specialist",
        "userDefined": false
      }
    ],
    "isTemplate": false,
    "count": 0,
    "updated": 0
  },
  {
    "id": "d91836a1-b5d0-4021-936a-2c65618fe504",
    "data": [
      {
        "text": "M04929H",
        "alias": "Specialist",
        "meta": "@specialist",
        "userDefined": false
      }
    ],
    "isTemplate": false,
    "count": 0,
    "updated": 0
  },
  {
    "id": "ed7ab2d2-ec6d-495e-956f-5e13dcdf14c5",
    "data": [
      {
        "text": "M09003D",
        "alias": "Specialist",
        "meta": "@specialist",
        "userDefined": false
      }
    ],
    "isTemplate": false,
    "count": 0,
    "updated": 0
  },
  {
    "id": "c9c9e5c5-9f75-4458-866c-f4ff31ae24c3",
    "data": [
      {
        "text": "M06429G",
        "alias": "Specialist",
        "meta": "@specialist",
        "userDefined": false
      }
    ],
    "isTemplate": false,
    "count": 0,
    "updated": 0
  },
  {
    "id": "d5231893-9dc2-40e1-8c10-47116d2890e0",
    "data": [
      {
        "text": "M11097C",
        "alias": "Specialist",
        "meta": "@specialist",
        "userDefined": false
      }
    ],
    "isTemplate": false,
    "count": 0,
    "updated": 0
  },
  {
    "id": "d13c4419-fd26-49f7-bf40-b71ba1458bbe",
    "data": [
      {
        "text": "M07149H",
        "alias": "Specialist",
        "meta": "@specialist",
        "userDefined": false
      }
    ],
    "isTemplate": false,
    "count": 0,
    "updated": 0
  },
  {
    "id": "2ff4f3da-e44e-40e8-ac34-0f4be3b26c99",
    "data": [
      {
        "text": "M09746B",
        "alias": "Specialist",
        "meta": "@specialist",
        "userDefined": true
      }
    ],
    "isTemplate": false,
    "count": 0,
    "updated": 0
  },
  {
    "id": "7ae9c421-408b-4740-a665-b8a4282b868d",
    "data": [
      {
        "text": "Dr Kok Jaan Yang",
        "alias": "Specialist",
        "meta": "@specialist",
        "userDefined": true
      }
    ],
    "isTemplate": false,
    "count": 0,
    "updated": 0
  },
  {
    "id": "62b75963-2b60-46b0-b948-afb1f9c56512",
    "data": [
      {
        "text": "A/Prof Ong Yee Siang",
        "alias": "Specialist",
        "meta": "@specialist",
        "userDefined": true
      }
    ],
    "isTemplate": false,
    "count": 0,
    "updated": 0
  },
  {
    "id": "2cc832a1-fce5-4a92-ae57-da42f7f032fe",
    "data": [
      {
        "text": "A/Prof Tan Bien Keem",
        "alias": "Specialist",
        "meta": "@specialist",
        "userDefined": true
      }
    ],
    "isTemplate": false,
    "count": 0,
    "updated": 0
  },
  {
    "id": "c42f87ad-f313-400f-8e87-cf20846500e0",
    "data": [
      {
        "text": "Dr Evan Woo",
        "alias": "Specialist",
        "meta": "@specialist",
        "userDefined": true
      }
    ],
    "isTemplate": false,
    "count": 0,
    "updated": 0
  },
  {
    "id": "05e6547b-5806-4e77-80f3-4eda368503df",
    "data": [
      {
        "text": "Dr Marcus Tan Wee Lun",
        "alias": "Specialist",
        "meta": "@specialist",
        "userDefined": false
      }
    ],
    "isTemplate": false,
    "count": 0,
    "updated": 0
  },
  {
    "id": "f94991bc-faac-466d-bd4b-644d7836d7cc",
    "data": [
      {
        "text": "Dr Seng Kok Han",
        "alias": "Specialist",
        "meta": "@specialist",
        "userDefined": false
      }
    ],
    "isTemplate": false,
    "count": 0,
    "updated": 0
  },
  {
    "id": "1ef29d88-5ab5-4ece-8975-c3d0b0c339b5",
    "data": [
      {
        "text": "Dr Thong Jiunn Yew",
        "alias": "Specialist",
        "meta": "@specialist",
        "userDefined": true
      }
    ],
    "isTemplate": false,
    "count": 0,
    "updated": 0
  },
  {
    "id": "bd1ab224-4d04-4f0b-9125-631dc75936b2",
    "data": [
      {
        "text": "Adj A/Prof Fong Kam Weng",
        "alias": "Specialist",
        "meta": "@specialist",
        "userDefined": true
      }
    ],
    "isTemplate": false,
    "count": 0,
    "updated": 0
  },
  {
    "id": "61505a9f-9fae-4de5-a676-9412105e180e",
    "data": [
      {
        "text": "Dr Anu Thiagarajan",
        "alias": "Specialist",
        "meta": "@specialist",
        "userDefined": true
      }
    ],
    "isTemplate": false,
    "count": 0,
    "updated": 0
  },
  {
    "id": "c1febf39-2834-49ef-9cba-d9fffcae9b99",
    "data": [
      {
        "text": "Dr Jeffrey Tuan",
        "alias": "Specialist",
        "meta": "@specialist",
        "userDefined": true
      }
    ],
    "isTemplate": false,
    "count": 0,
    "updated": 0
  },
  {
    "id": "0b9c0dc6-1c5a-4826-a3f5-078e5e33ea19",
    "data": [
      {
        "text": "Dr Melvin L.K. Chua",
        "alias": "Specialist",
        "meta": "@specialist",
        "userDefined": true
      }
    ],
    "isTemplate": false,
    "count": 0,
    "updated": 0
  },
  {
    "id": "cf6b6ceb-e3b6-4f54-a584-1caba963ca01",
    "data": [
      {
        "text": "Dr Soong Yoke Lim",
        "alias": "Specialist",
        "meta": "@specialist",
        "userDefined": true
      }
    ],
    "isTemplate": false,
    "count": 0,
    "updated": 0
  },
  {
    "id": "6cf1d34c-3e20-4cd1-8a11-dd40c5543bb3",
    "data": [
      {
        "text": "Dr Wee Tien Seng Joseph",
        "alias": "Specialist",
        "meta": "@specialist",
        "userDefined": true
      }
    ],
    "isTemplate": false,
    "count": 0,
    "updated": 0
  },
  {
    "id": "51d290e0-0102-402d-92e2-68f6e4090608",
    "data": [
      {
        "text": "Dr Goh Ting Hui Angeline",
        "alias": "Specialist",
        "meta": "@specialist",
        "userDefined": true
      }
    ],
    "isTemplate": false,
    "count": 0,
    "updated": 0
  },
  {
    "id": "14d515c3-bf32-48a8-8104-07042074b09b",
    "data": [
      {
        "text": "Dr Sein Lwin",
        "alias": "Specialist",
        "meta": "@specialist",
        "userDefined": true
      }
    ],
    "isTemplate": false,
    "count": 0,
    "updated": 0
  },
  {
    "id": "71f64695-dc6b-4ae1-a17c-344b03b1c3a0",
    "data": [
      {
        "text": "Dr Shaik Ahmad Bin Syed Buhari",
        "alias": "Specialist",
        "meta": "@specialist",
        "userDefined": true
      }
    ],
    "isTemplate": false,
    "count": 0,
    "updated": 0
  },
  {
    "id": "b5f3cfa1-b30d-4866-8c77-1d720fe3d1f9",
    "data": [
      {
        "text": "Dr Tan Hiang Khoon",
        "alias": "Specialist",
        "meta": "@specialist",
        "userDefined": true
      }
    ],
    "isTemplate": false,
    "count": 0,
    "updated": 0
  },
  {
    "id": "7e5dcdd6-c250-40c7-a72f-defac37f3946",
    "data": [
      {
        "text": "Dr Tay Khoon Hean",
        "alias": "Specialist",
        "meta": "@specialist",
        "userDefined": true
      }
    ],
    "isTemplate": false,
    "count": 0,
    "updated": 0
  },
  {
    "id": "86f71118-c4e5-4277-9815-8809bca6b745",
    "data": [
      {
        "text": "Dr Veronique Tan",
        "alias": "Specialist",
        "meta": "@specialist",
        "userDefined": true
      }
    ],
    "isTemplate": false,
    "count": 0,
    "updated": 0
  },
  {
    "id": "64581f9d-dd0e-4c12-b08c-3235b738f83b",
    "data": [
      {
        "text": "Dr Victor Keng",
        "alias": "Specialist",
        "meta": "@specialist",
        "userDefined": true
      }
    ],
    "isTemplate": false,
    "count": 0,
    "updated": 0
  },
  {
    "id": "9fe8b0bd-4fff-4f37-a721-85c018deead8",
    "data": [
      {
        "text": "Dr Wong Jen San",
        "alias": "Specialist",
        "meta": "@specialist",
        "userDefined": true
      }
    ],
    "isTemplate": false,
    "count": 0,
    "updated": 0
  },
  {
    "id": "29ccd81e-16a8-45d9-a7c5-f0d43852bee1",
    "data": [
      {
        "text": "Dr Yong Wei Sean",
        "alias": "Specialist",
        "meta": "@specialist",
        "userDefined": true
      }
    ],
    "isTemplate": false,
    "count": 0,
    "updated": 0
  },
  {
    "id": "fffa2a35-dfbb-48f1-adb1-762f9b8cb82f",
    "data": [
      {
        "text": "Dr Leong See Odd",
        "alias": "Specialist",
        "meta": "@specialist",
        "userDefined": true
      }
    ],
    "isTemplate": false,
    "count": 0,
    "updated": 0
  },
  {
    "id": "4cbf270a-4e83-4974-8c90-d0cd819541c6",
    "data": [
      {
        "text": "Dr Kong Po Marn",
        "alias": "Specialist",
        "meta": "@specialist",
        "userDefined": true
      }
    ],
    "isTemplate": false,
    "count": 0,
    "updated": 0
  },
  {
    "id": "59bbd922-691d-4dcc-a1f5-8ba4f9856a29",
    "data": [
      {
        "text": "Dr Steve Yang Tze Yi",
        "alias": "Specialist",
        "meta": "@specialist",
        "userDefined": true
      }
    ],
    "isTemplate": false,
    "count": 0,
    "updated": 0
  },
  {
    "id": "69853e5b-9a24-4afa-b3fd-92969e5ddd05",
    "data": [
      {
        "text": "Dr Yap Cheng Hoon, Jane",
        "alias": "Specialist",
        "meta": "@specialist",
        "userDefined": true
      }
    ],
    "isTemplate": false,
    "count": 0,
    "updated": 0
  },
  {
    "id": "9c7054f5-bcf1-4f01-a04c-344fff058b9b",
    "data": [
      {
        "text": "Dr Yap Wee See",
        "alias": "Specialist",
        "meta": "@specialist",
        "userDefined": false
      }
    ],
    "isTemplate": false,
    "count": 0,
    "updated": 0
  },
  {
    "id": "3c32f777-602e-401c-92c9-d1e67269ed27",
    "data": [
      {
        "text": "Dr Yip Hwee Seng",
        "alias": "Specialist",
        "meta": "@specialist",
        "userDefined": true
      }
    ],
    "isTemplate": false,
    "count": 0,
    "updated": 0
  },
  {
    "id": "5a3d9624-16f8-4580-8567-8d90b043d42c",
    "data": [
      {
        "text": "Dr Andrea Low",
        "alias": "Specialist",
        "meta": "@specialist",
        "userDefined": true
      }
    ],
    "isTemplate": false,
    "count": 0,
    "updated": 0
  },
  {
    "id": "9eab4742-4c75-4b13-bd64-2b6a4e05746b",
    "data": [
      {
        "text": "Dr Jon Yoong",
        "alias": "Specialist",
        "meta": "@specialist",
        "userDefined": true
      }
    ],
    "isTemplate": false,
    "count": 0,
    "updated": 0
  },
  {
    "id": "64e20e19-0f40-4b89-9725-4d372b582dba",
    "data": [
      {
        "text": "Dr Lui Nai Lee",
        "alias": "Specialist",
        "meta": "@specialist",
        "userDefined": false
      }
    ],
    "isTemplate": false,
    "count": 0,
    "updated": 0
  },
  {
    "id": "0ad42a0c-400e-43c4-9845-08f3c7fdb055",
    "data": [
      {
        "text": "Dr Yeo Siaw Ing",
        "alias": "Specialist",
        "meta": "@specialist",
        "userDefined": true
      }
    ],
    "isTemplate": false,
    "count": 0,
    "updated": 0
  },
  {
    "id": "11e11aa1-2298-412d-8ab9-3396c7b32b3c",
    "data": [
      {
        "text": "A/Prof Alfred Kow",
        "alias": "Specialist",
        "meta": "@specialist",
        "userDefined": true
      }
    ],
    "isTemplate": false,
    "count": 0,
    "updated": 0
  },
  {
    "id": "91149b51-3914-46ec-8a54-4a6ee1c07d69",
    "data": [
      {
        "text": "Dr Roger Tan",
        "alias": "Specialist",
        "meta": "@specialist",
        "userDefined": true
      }
    ],
    "isTemplate": false,
    "count": 0,
    "updated": 0
  },
  {
    "id": "826d4df9-cacc-4c14-ba67-24efa507ba02",
    "data": [
      {
        "text": "A/Prof Edmund Chiong",
        "alias": "Specialist",
        "meta": "@specialist",
        "userDefined": true
      }
    ],
    "isTemplate": false,
    "count": 0,
    "updated": 0
  },
  {
    "id": "df7b7c2f-5dac-48ff-a0e7-bfab5ad3373d",
    "data": [
      {
        "text": "Clin A/Prof Chou Ning",
        "alias": "Specialist",
        "meta": "@specialist",
        "userDefined": true
      }
    ],
    "isTemplate": false,
    "count": 0,
    "updated": 0
  },
  {
    "id": "2d829871-3694-47b6-8225-0a3c2d9a2aee",
    "data": [
      {
        "text": "A/Prof Mariko Koh",
        "alias": "Specialist",
        "meta": "@specialist",
        "userDefined": true
      }
    ],
    "isTemplate": false,
    "count": 0,
    "updated": 0
  },
  {
    "id": "83fc7d21-7db6-409e-9742-327ad718b3c3",
    "data": [
      {
        "text": "Dr Aileen Seah",
        "alias": "Specialist",
        "meta": "@specialist",
        "userDefined": true
      }
    ],
    "isTemplate": false,
    "count": 0,
    "updated": 0
  },
  {
    "id": "0c13a4f2-d0c4-47de-96e3-8bd36b237334",
    "data": [
      {
        "text": "Dr Asim Shabbir",
        "alias": "Specialist",
        "meta": "@specialist",
        "userDefined": true
      }
    ],
    "isTemplate": false,
    "count": 0,
    "updated": 0
  },
  {
    "id": "83766cb6-02e3-42d9-bd17-d66e93556bf3",
    "data": [
      {
        "text": "Dr Chan Ching Wan",
        "alias": "Specialist",
        "meta": "@specialist",
        "userDefined": false
      }
    ],
    "isTemplate": false,
    "count": 0,
    "updated": 0
  },
  {
    "id": "bdbde40d-6b87-45a9-a776-964efd274cdf",
    "data": [
      {
        "text": "Dr Charles Tsang",
        "alias": "Specialist",
        "meta": "@specialist",
        "userDefined": true
      }
    ],
    "isTemplate": false,
    "count": 0,
    "updated": 0
  },
  {
    "id": "9f5acc08-ace3-4eed-b5ac-6fa553ee8df5",
    "data": [
      {
        "text": "clinic is ",
        "userDefined": false
      },
      {
        "text": "doctor lim",
        "alias": "Specialist",
        "meta": "@specialist",
        "userDefined": true
      }
    ],
    "isTemplate": false,
    "count": 0,
    "updated": 0
  },
  {
    "id": "54314a6e-e03b-492f-9fb9-c0b356a5e373",
    "data": [
      {
        "text": "hospitalisation is ",
        "userDefined": false
      },
      {
        "text": "15 apr 2020",
        "alias": "HospitalDate",
        "meta": "@sys.date",
        "userDefined": false
      }
    ],
    "isTemplate": false,
    "count": 0,
    "updated": 0
  },
  {
    "id": "211b4a81-7f07-46fe-87dc-c45eab6be3d8",
    "data": [
      {
        "text": "doctor luman",
        "alias": "Specialist",
        "meta": "@specialist",
        "userDefined": true
      }
    ],
    "isTemplate": false,
    "count": 0,
    "updated": 0
  },
  {
    "id": "50d61d9f-9c37-45ed-b9f8-3e9398cc79a0",
    "data": [
      {
        "text": "dr luman",
        "alias": "Specialist",
        "meta": "@specialist",
        "userDefined": true
      }
    ],
    "isTemplate": false,
    "count": 1,
    "updated": 0
  },
  {
    "id": "db0f0c00-6140-446f-a957-5d9b1b9809b1",
    "data": [
      {
        "text": "yesterday",
        "alias": "HospitalDate",
        "meta": "@sys.date",
        "userDefined": false
      }
    ],
    "isTemplate": false,
    "count": 0,
    "updated": 0
  },
  {
    "id": "5baf13c6-6d6a-4384-b916-b0d5f71d7d3f",
    "data": [
      {
        "text": "1 may 2020",
        "alias": "HospitalDate",
        "meta": "@sys.date",
        "userDefined": false
      }
    ],
    "isTemplate": false,
    "count": 0,
    "updated": 0
  },
  {
    "id": "c86d737a-5bc7-4707-9d6a-d626a957f4b1",
    "data": [
      {
        "text": "hospitalisation about ",
        "userDefined": false
      },
      {
        "text": "brain surgery",
        "alias": "ClaimRemark",
        "meta": "@sys.any",
        "userDefined": true
      }
    ],
    "isTemplate": false,
    "count": 0,
    "updated": 0
  },
  {
    "id": "76e73867-86e8-49f6-8ef7-e211fd83cd91",
    "data": [
      {
        "text": "treatment for cancer",
        "alias": "ClaimRemark",
        "meta": "@sys.any",
        "userDefined": true
      }
    ],
    "isTemplate": false,
    "count": 0,
    "updated": 0
  },
  {
    "id": "8740a766-caaa-41fd-9292-8e36720fdd1e",
    "data": [
      {
        "text": "cancer treatment",
        "alias": "ClaimRemark",
        "meta": "@sys.any",
        "userDefined": true
      }
    ],
    "isTemplate": false,
    "count": 1,
    "updated": 0
  },
  {
    "id": "43d445a7-7fbb-4f85-beb7-0ed9e7a3997e",
    "data": [
      {
        "text": "ICU",
        "alias": "ClaimRemark",
        "meta": "@sys.any",
        "userDefined": true
      }
    ],
    "isTemplate": false,
    "count": 0,
    "updated": 0
  },
  {
    "id": "445d5739-212d-4960-9ce7-39dbbf9554c4",
    "data": [
      {
        "text": "LTPN",
        "alias": "ClaimRemark",
        "meta": "@sys.any",
        "userDefined": true
      }
    ],
    "isTemplate": false,
    "count": 0,
    "updated": 0
  },
  {
    "id": "7923a9c6-389f-4e02-91f0-5228c91cc8d3",
    "data": [
      {
        "text": "heart surgery",
        "alias": "ClaimRemark",
        "meta": "@sys.any",
        "userDefined": true
      }
    ],
    "isTemplate": false,
    "count": 0,
    "updated": 0
  },
  {
    "id": "55495346-c34a-45fb-b573-67f1b0ede1ee",
    "data": [
      {
        "text": "doctor lim teck wah",
        "alias": "Specialist",
        "meta": "@specialist",
        "userDefined": true
      }
    ],
    "isTemplate": false,
    "count": 0,
    "updated": 0
  },
  {
    "id": "bc4df2ee-4bca-427b-a0c5-235078bafa2e",
    "data": [
      {
        "text": "dr goh",
        "alias": "Specialist",
        "meta": "@specialist",
        "userDefined": false
      }
    ],
    "isTemplate": false,
    "count": 0,
    "updated": 0
  },
  {
    "id": "2efb7184-75f2-4d51-8b1f-5e91c4ec521e",
    "data": [
      {
        "text": "the hospitalisation is about ",
        "userDefined": false
      },
      {
        "text": "brain surgery",
        "alias": "ClaimRemark",
        "meta": "@sys.any",
        "userDefined": true
      }
    ],
    "isTemplate": false,
    "count": 0,
    "updated": 0
  },
  {
    "id": "417d1f34-e071-4322-a593-38f6d20fcb36",
    "data": [
      {
        "text": "sengkang medical centre",
        "alias": "Specialist",
        "meta": "@specialist",
        "userDefined": true
      }
    ],
    "isTemplate": false,
    "count": 0,
    "updated": 0
  },
  {
    "id": "db602521-8a05-48ae-83bf-67f52cc92327",
    "data": [
      {
        "text": "paragon clinic",
        "alias": "Specialist",
        "meta": "@specialist",
        "userDefined": true
      }
    ],
    "isTemplate": false,
    "count": 0,
    "updated": 0
  },
  {
    "id": "0db3402c-47ff-4cdc-adb4-22290ed3f4c8",
    "data": [
      {
        "text": "thomson medical",
        "alias": "Specialist",
        "meta": "@specialist",
        "userDefined": true
      }
    ],
    "isTemplate": false,
    "count": 0,
    "updated": 0
  },
  {
    "id": "58eaa73e-4a57-4ef0-8416-49ead1ff5360",
    "data": [
      {
        "text": "the doctor visit is ",
        "userDefined": false
      },
      {
        "text": "yesterday",
        "alias": "DateOcc",
        "meta": "@sys.date",
        "userDefined": true
      }
    ],
    "isTemplate": false,
    "count": 0,
    "updated": 0
  },
  {
    "id": "700f6256-b139-4293-b069-0429d60af92f",
    "data": [
      {
        "text": "hospital admission date is ",
        "userDefined": false
      },
      {
        "text": "1st of last month",
        "alias": "HospitalDate",
        "meta": "@sys.date",
        "userDefined": true
      }
    ],
    "isTemplate": false,
    "count": 0,
    "updated": 0
  },
  {
    "id": "3b54367b-16b0-44b8-a59d-683aa260df87",
    "data": [
      {
        "text": "my bill total ",
        "userDefined": false
      },
      {
        "text": "1000",
        "alias": "TotalExp",
        "meta": "@sys.number",
        "userDefined": true
      }
    ],
    "isTemplate": false,
    "count": 0,
    "updated": 0
  }
]