[
  {
    "id": "df0ab8a8-d3cf-497a-bc84-50d8efb638eb",
    "data": [
      {
        "text": "ICU",
        "alias": "ClaimRemark",
        "meta": "@sys.any",
        "userDefined": true
      }
    ],
    "isTemplate": false,
    "count": 0,
    "updated": 0
  },
  {
    "id": "cf1afd27-3d09-4261-8e5b-5e8a979ae96e",
    "data": [
      {
        "text": "cancer treatment",
        "alias": "ClaimRemark",
        "meta": "@sys.any",
        "userDefined": true
      }
    ],
    "isTemplate": false,
    "count": 0,
    "updated": 0
  },
  {
    "id": "2e769808-6f3f-4814-896c-89d962ea70bf",
    "data": [
      {
        "text": "LTPN",
        "alias": "ClaimRemark",
        "meta": "@sys.any",
        "userDefined": true
      }
    ],
    "isTemplate": false,
    "count": 0,
    "updated": 0
  },
  {
    "id": "f71762cf-745a-4c4d-9afd-4b665a0d8536",
    "data": [
      {
        "text": "heart surgery",
        "alias": "ClaimRemark",
        "meta": "@sys.any",
        "userDefined": true
      }
    ],
    "isTemplate": false,
    "count": 0,
    "updated": 0
  },
  {
    "id": "e07ce3b0-b9c1-4ed4-8335-3ef1b6196fe6",
    "data": [
      {
        "text": "doctor lim teck wah",
        "alias": "Specialist",
        "meta": "@specialist",
        "userDefined": true
      }
    ],
    "isTemplate": false,
    "count": 0,
    "updated": 0
  },
  {
    "id": "4f4f7244-f375-46b5-9fd0-55060b3a1449",
    "data": [
      {
        "text": "dr luman",
        "alias": "Specialist",
        "meta": "@specialist",
        "userDefined": true
      }
    ],
    "isTemplate": false,
    "count": 0,
    "updated": 0
  },
  {
    "id": "02a3f7e9-674a-47f4-80f9-af50999d0301",
    "data": [
      {
        "text": "dr goh",
        "alias": "Specialist",
        "meta": "@specialist",
        "userDefined": false
      }
    ],
    "isTemplate": false,
    "count": 0,
    "updated": 0
  },
  {
    "id": "5f844b6c-1984-45c8-8637-a45095220791",
    "data": [
      {
        "text": "the hospitalisation is about ",
        "userDefined": false
      },
      {
        "text": "brain surgery",
        "alias": "ClaimRemark",
        "meta": "@sys.any",
        "userDefined": true
      }
    ],
    "isTemplate": false,
    "count": 0,
    "updated": 0
  },
  {
    "id": "eff7402c-79ee-4009-971a-66cc24c42d67",
    "data": [
      {
        "text": "sengkang medical centre",
        "userDefined": false
      }
    ],
    "isTemplate": false,
    "count": 0,
    "updated": 0
  },
  {
    "id": "dc3c9025-6f7e-47bb-8130-7f44d2c2f394",
    "data": [
      {
        "text": "paragon clinic",
        "alias": "Specialist",
        "meta": "@specialist",
        "userDefined": true
      }
    ],
    "isTemplate": false,
    "count": 0,
    "updated": 0
  },
  {
    "id": "c1e42acd-26b7-4907-896f-2b3c70faa6b9",
    "data": [
      {
        "text": "thomson medical",
        "alias": "Specialist",
        "meta": "@specialist",
        "userDefined": true
      }
    ],
    "isTemplate": false,
    "count": 0,
    "updated": 0
  },
  {
    "id": "94d52135-4adf-465d-9d7e-1a4a98ea00d2",
    "data": [
      {
        "text": "the doctor visit is ",
        "userDefined": false
      },
      {
        "text": "yesterday",
        "alias": "DateOcc",
        "meta": "@sys.date",
        "userDefined": true
      }
    ],
    "isTemplate": false,
    "count": 0,
    "updated": 0
  },
  {
    "id": "41c624d5-c067-47cd-b307-7a568a97490e",
    "data": [
      {
        "text": "hospital admission date is ",
        "userDefined": false
      },
      {
        "text": "1st of last month",
        "alias": "HospitalDate",
        "meta": "@sys.date",
        "userDefined": true
      }
    ],
    "isTemplate": false,
    "count": 0,
    "updated": 0
  },
  {
    "id": "6731a011-31a0-4ca0-a997-ed9b5dd91dc0",
    "data": [
      {
        "text": "my bill total ",
        "userDefined": false
      },
      {
        "text": "1000",
        "alias": "TotalExp",
        "meta": "@sys.number",
        "userDefined": true
      }
    ],
    "isTemplate": false,
    "count": 0,
    "updated": 0
  }
]