[
  {
    "id": "93c38f25-d199-4d6e-9b66-76db85f7f67a",
    "data": [
      {
        "text": "specialist ",
        "userDefined": false
      },
      {
        "text": "A/Prof (Adj) Aaron Wong Sung Lung",
        "alias": "Specialist",
        "meta": "@specialist",
        "userDefined": true
      }
    ],
    "isTemplate": false,
    "count": 0,
    "updated": 0
  },
  {
    "id": "e0fc38e0-e2f6-49c6-ac07-981d0d4159da",
    "data": [
      {
        "text": "the doctor is ",
        "userDefined": false
      },
      {
        "text": "A/Prof (Adj) Aaron Wong Sung Lung",
        "alias": "Specialist",
        "meta": "@specialist",
        "userDefined": true
      }
    ],
    "isTemplate": false,
    "count": 0,
    "updated": 0
  },
  {
    "id": "cae27f12-9efa-4dc5-8c3d-482ab32b60e1",
    "data": [
      {
        "text": "A/Prof (Adj) Aaron Wong Sung Lung",
        "alias": "Specialist",
        "meta": "@specialist",
        "userDefined": true
      }
    ],
    "isTemplate": false,
    "count": 0,
    "updated": 0
  },
  {
    "id": "fe54d3c4-b9af-4815-9092-66a985968f27",
    "data": [
      {
        "text": "post surgery check up",
        "alias": "ClaimRemark",
        "meta": "@sys.any",
        "userDefined": true
      }
    ],
    "isTemplate": false,
    "count": 0,
    "updated": 0
  },
  {
    "id": "f9b2a616-2440-446d-9d79-2a29065ce44e",
    "data": [
      {
        "text": "post surgery follow up",
        "alias": "ClaimRemark",
        "meta": "@sys.any",
        "userDefined": true
      }
    ],
    "isTemplate": false,
    "count": 0,
    "updated": 0
  },
  {
    "id": "4fd22516-da9a-4619-93fa-d47d2de89320",
    "data": [
      {
        "text": "physiotherapy",
        "alias": "ClaimRemark",
        "meta": "@sys.any",
        "userDefined": true
      }
    ],
    "isTemplate": false,
    "count": 0,
    "updated": 0
  },
  {
    "id": "4ece07c0-2191-4467-8405-12593d12589f",
    "data": [
      {
        "text": "bill claim is for ",
        "userDefined": false
      },
      {
        "text": "chemotherapy",
        "alias": "ClaimRemark",
        "meta": "@sys.any",
        "userDefined": true
      }
    ],
    "isTemplate": false,
    "count": 0,
    "updated": 0
  },
  {
    "id": "d5d19485-f12a-48a2-a78a-5d1da3b070c5",
    "data": [
      {
        "text": "this bill is for ",
        "userDefined": false
      },
      {
        "text": "stitch removal",
        "alias": "ClaimRemark",
        "meta": "@sys.any",
        "userDefined": true
      }
    ],
    "isTemplate": false,
    "count": 0,
    "updated": 0
  },
  {
    "id": "eb3ea523-a231-41b2-a36b-cec5be591db5",
    "data": [
      {
        "text": "the bill is about ",
        "userDefined": false
      },
      {
        "text": "physiotherapy",
        "alias": "ClaimRemark",
        "meta": "@sys.any",
        "userDefined": true
      }
    ],
    "isTemplate": false,
    "count": 0,
    "updated": 0
  },
  {
    "id": "6ede48a2-8cb9-499a-a953-f3a36d171343",
    "data": [
      {
        "text": "M07257E",
        "alias": "Specialist",
        "meta": "@specialist",
        "userDefined": true
      }
    ],
    "isTemplate": false,
    "count": 1,
    "updated": 0
  },
  {
    "id": "65c7f21e-6b1e-42f5-ad8b-30c7a7210194",
    "data": [
      {
        "text": "M11488Z",
        "alias": "Specialist",
        "meta": "@specialist",
        "userDefined": true
      }
    ],
    "isTemplate": false,
    "count": 1,
    "updated": 0
  },
  {
    "id": "7044e57c-c3ff-4032-b242-db5cd9be4368",
    "data": [
      {
        "text": "M09503F",
        "alias": "Specialist",
        "meta": "@specialist",
        "userDefined": false
      }
    ],
    "isTemplate": false,
    "count": 1,
    "updated": 0
  },
  {
    "id": "af8ed7e6-415f-43aa-b24f-7e9a3e2f9153",
    "data": [
      {
        "text": "M05382A",
        "alias": "Specialist",
        "meta": "@specialist",
        "userDefined": true
      }
    ],
    "isTemplate": false,
    "count": 1,
    "updated": 0
  },
  {
    "id": "19ac3987-0ad1-438c-98a7-34dd50376638",
    "data": [
      {
        "text": "M02893",
        "alias": "Specialist",
        "meta": "@specialist",
        "userDefined": false
      },
      {
        "text": "B",
        "userDefined": false
      }
    ],
    "isTemplate": false,
    "count": 0,
    "updated": 0
  },
  {
    "id": "89fc9e30-39a8-4d8d-a5e0-9a989c23621f",
    "data": [
      {
        "text": "M04929H",
        "alias": "Specialist",
        "meta": "@specialist",
        "userDefined": false
      }
    ],
    "isTemplate": false,
    "count": 0,
    "updated": 0
  },
  {
    "id": "a0be80be-ed94-46be-835c-8229aa3dfb73",
    "data": [
      {
        "text": "M09003D",
        "alias": "Specialist",
        "meta": "@specialist",
        "userDefined": false
      }
    ],
    "isTemplate": false,
    "count": 0,
    "updated": 0
  },
  {
    "id": "956ed07d-5d65-47f0-835b-d0940f430961",
    "data": [
      {
        "text": "M06429G",
        "alias": "Specialist",
        "meta": "@specialist",
        "userDefined": false
      }
    ],
    "isTemplate": false,
    "count": 0,
    "updated": 0
  },
  {
    "id": "fcac74fa-f3ab-4c66-a5d6-836e70a6a6c9",
    "data": [
      {
        "text": "M11097C",
        "alias": "Specialist",
        "meta": "@specialist",
        "userDefined": false
      }
    ],
    "isTemplate": false,
    "count": 0,
    "updated": 0
  },
  {
    "id": "a494df49-36c5-43e2-8b5e-00bedca0c0fb",
    "data": [
      {
        "text": "M07149H",
        "alias": "Specialist",
        "meta": "@specialist",
        "userDefined": false
      }
    ],
    "isTemplate": false,
    "count": 0,
    "updated": 0
  },
  {
    "id": "2c187cb4-7a61-4a02-85b5-1d3c02de8578",
    "data": [
      {
        "text": "M09746B",
        "alias": "Specialist",
        "meta": "@specialist",
        "userDefined": true
      }
    ],
    "isTemplate": false,
    "count": 0,
    "updated": 0
  },
  {
    "id": "ce8bef92-f0ae-40f3-b460-813cc98e9a04",
    "data": [
      {
        "text": "Dr Kok Jaan Yang",
        "alias": "Specialist",
        "meta": "@specialist",
        "userDefined": true
      }
    ],
    "isTemplate": false,
    "count": 0,
    "updated": 0
  },
  {
    "id": "67ba015e-45fc-4151-80d0-f07bdafb84a6",
    "data": [
      {
        "text": "A/Prof Ong Yee Siang",
        "alias": "Specialist",
        "meta": "@specialist",
        "userDefined": true
      }
    ],
    "isTemplate": false,
    "count": 0,
    "updated": 0
  },
  {
    "id": "84c1b915-b62d-439f-b57d-4db4712ae192",
    "data": [
      {
        "text": "A/Prof Tan Bien Keem",
        "alias": "Specialist",
        "meta": "@specialist",
        "userDefined": true
      }
    ],
    "isTemplate": false,
    "count": 0,
    "updated": 0
  },
  {
    "id": "7b16987f-6211-4f9d-bfc4-7b8f84d463a4",
    "data": [
      {
        "text": "Dr Evan Woo",
        "alias": "Specialist",
        "meta": "@specialist",
        "userDefined": true
      }
    ],
    "isTemplate": false,
    "count": 0,
    "updated": 0
  },
  {
    "id": "37fe8658-b767-4c97-ba95-e5d17d0427f1",
    "data": [
      {
        "text": "Dr Marcus Tan Wee Lun",
        "alias": "Specialist",
        "meta": "@specialist",
        "userDefined": false
      }
    ],
    "isTemplate": false,
    "count": 0,
    "updated": 0
  },
  {
    "id": "2c702c41-d7a3-4364-90bc-c244baea2c92",
    "data": [
      {
        "text": "Dr Seng Kok Han",
        "alias": "Specialist",
        "meta": "@specialist",
        "userDefined": false
      }
    ],
    "isTemplate": false,
    "count": 0,
    "updated": 0
  },
  {
    "id": "b6e523ff-e7d0-49c7-a4f9-ab3eab236b23",
    "data": [
      {
        "text": "Dr Thong Jiunn Yew",
        "alias": "Specialist",
        "meta": "@specialist",
        "userDefined": true
      }
    ],
    "isTemplate": false,
    "count": 0,
    "updated": 0
  },
  {
    "id": "5799a82f-b9b9-4f10-9159-2fad81bdb622",
    "data": [
      {
        "text": "Adj A/Prof Fong Kam Weng",
        "alias": "Specialist",
        "meta": "@specialist",
        "userDefined": true
      }
    ],
    "isTemplate": false,
    "count": 0,
    "updated": 0
  },
  {
    "id": "21085c00-dc1c-4846-bdb1-559b09c95956",
    "data": [
      {
        "text": "Dr Anu Thiagarajan",
        "alias": "Specialist",
        "meta": "@specialist",
        "userDefined": true
      }
    ],
    "isTemplate": false,
    "count": 0,
    "updated": 0
  },
  {
    "id": "068073dc-abb0-45d7-908d-486ba2ad3267",
    "data": [
      {
        "text": "Dr Jeffrey Tuan",
        "alias": "Specialist",
        "meta": "@specialist",
        "userDefined": true
      }
    ],
    "isTemplate": false,
    "count": 0,
    "updated": 0
  },
  {
    "id": "ce392750-5446-4d1e-9e97-e6c01077eea6",
    "data": [
      {
        "text": "Dr Melvin L.K. Chua",
        "alias": "Specialist",
        "meta": "@specialist",
        "userDefined": true
      }
    ],
    "isTemplate": false,
    "count": 0,
    "updated": 0
  },
  {
    "id": "73c6e9b0-4bea-40ce-b8f9-7a30d0bd1b69",
    "data": [
      {
        "text": "Dr Soong Yoke Lim",
        "alias": "Specialist",
        "meta": "@specialist",
        "userDefined": true
      }
    ],
    "isTemplate": false,
    "count": 0,
    "updated": 0
  },
  {
    "id": "922e2b85-1d15-4733-af06-c702090c28b7",
    "data": [
      {
        "text": "Dr Wee Tien Seng Joseph",
        "alias": "Specialist",
        "meta": "@specialist",
        "userDefined": true
      }
    ],
    "isTemplate": false,
    "count": 0,
    "updated": 0
  },
  {
    "id": "47b04684-9c9b-43df-99d7-35bfc234e049",
    "data": [
      {
        "text": "Dr Goh Ting Hui Angeline",
        "alias": "Specialist",
        "meta": "@specialist",
        "userDefined": true
      }
    ],
    "isTemplate": false,
    "count": 0,
    "updated": 0
  },
  {
    "id": "d98368f1-d85c-425b-a409-489462e15f3f",
    "data": [
      {
        "text": "Dr Sein Lwin",
        "alias": "Specialist",
        "meta": "@specialist",
        "userDefined": true
      }
    ],
    "isTemplate": false,
    "count": 0,
    "updated": 0
  },
  {
    "id": "1d392e11-6e48-4f34-848f-40930ded053a",
    "data": [
      {
        "text": "Dr Shaik Ahmad Bin Syed Buhari",
        "alias": "Specialist",
        "meta": "@specialist",
        "userDefined": true
      }
    ],
    "isTemplate": false,
    "count": 0,
    "updated": 0
  },
  {
    "id": "ef61f1b9-68d9-4e76-a71f-7a7073f2bec8",
    "data": [
      {
        "text": "Dr Tan Hiang Khoon",
        "alias": "Specialist",
        "meta": "@specialist",
        "userDefined": true
      }
    ],
    "isTemplate": false,
    "count": 0,
    "updated": 0
  },
  {
    "id": "27108628-7ade-4436-bb2e-5b4a24635bf7",
    "data": [
      {
        "text": "Dr Tay Khoon Hean",
        "alias": "Specialist",
        "meta": "@specialist",
        "userDefined": true
      }
    ],
    "isTemplate": false,
    "count": 0,
    "updated": 0
  },
  {
    "id": "9028ddbf-5fe6-4c38-9f7a-0a90f71b3168",
    "data": [
      {
        "text": "Dr Veronique Tan",
        "alias": "Specialist",
        "meta": "@specialist",
        "userDefined": true
      }
    ],
    "isTemplate": false,
    "count": 0,
    "updated": 0
  },
  {
    "id": "29c4514e-6e18-4311-bdbd-36ea9514eae8",
    "data": [
      {
        "text": "Dr Victor Keng",
        "alias": "Specialist",
        "meta": "@specialist",
        "userDefined": true
      }
    ],
    "isTemplate": false,
    "count": 0,
    "updated": 0
  },
  {
    "id": "1d57d27d-d07b-4464-919e-b8527594366a",
    "data": [
      {
        "text": "Dr Wong Jen San",
        "alias": "Specialist",
        "meta": "@specialist",
        "userDefined": true
      }
    ],
    "isTemplate": false,
    "count": 0,
    "updated": 0
  },
  {
    "id": "23411a66-4277-4f4b-80a0-bdc7efbc9fa9",
    "data": [
      {
        "text": "Dr Yong Wei Sean",
        "alias": "Specialist",
        "meta": "@specialist",
        "userDefined": true
      }
    ],
    "isTemplate": false,
    "count": 0,
    "updated": 0
  },
  {
    "id": "4b9d3342-4b64-40b1-a3d4-149eec56149b",
    "data": [
      {
        "text": "Dr Leong See Odd",
        "alias": "Specialist",
        "meta": "@specialist",
        "userDefined": true
      }
    ],
    "isTemplate": false,
    "count": 0,
    "updated": 0
  },
  {
    "id": "2bde4fef-0ed1-4329-b893-ce7f7fe68124",
    "data": [
      {
        "text": "Dr Kong Po Marn",
        "alias": "Specialist",
        "meta": "@specialist",
        "userDefined": true
      }
    ],
    "isTemplate": false,
    "count": 0,
    "updated": 0
  },
  {
    "id": "92b79371-c734-4b7d-85a8-9ba6256dbc90",
    "data": [
      {
        "text": "Dr Steve Yang Tze Yi",
        "alias": "Specialist",
        "meta": "@specialist",
        "userDefined": true
      }
    ],
    "isTemplate": false,
    "count": 0,
    "updated": 0
  },
  {
    "id": "e11e034d-a027-4a89-9c93-654c3b0a9720",
    "data": [
      {
        "text": "Dr Yap Cheng Hoon, Jane",
        "alias": "Specialist",
        "meta": "@specialist",
        "userDefined": true
      }
    ],
    "isTemplate": false,
    "count": 0,
    "updated": 0
  },
  {
    "id": "5d5d649e-9d01-4da7-a530-4822b8a13c71",
    "data": [
      {
        "text": "Dr Yap Wee See",
        "alias": "Specialist",
        "meta": "@specialist",
        "userDefined": false
      }
    ],
    "isTemplate": false,
    "count": 0,
    "updated": 0
  },
  {
    "id": "95406ff7-3ec0-4d6b-ad51-9d53912e6ebe",
    "data": [
      {
        "text": "Dr Yip Hwee Seng",
        "alias": "Specialist",
        "meta": "@specialist",
        "userDefined": true
      }
    ],
    "isTemplate": false,
    "count": 0,
    "updated": 0
  },
  {
    "id": "76710c43-fa31-4cb1-abca-a8ac903ece6f",
    "data": [
      {
        "text": "Dr Andrea Low",
        "alias": "Specialist",
        "meta": "@specialist",
        "userDefined": true
      }
    ],
    "isTemplate": false,
    "count": 0,
    "updated": 0
  },
  {
    "id": "d42676be-5292-40ae-a1a2-3509e29ee89c",
    "data": [
      {
        "text": "Dr Jon Yoong",
        "alias": "Specialist",
        "meta": "@specialist",
        "userDefined": true
      }
    ],
    "isTemplate": false,
    "count": 0,
    "updated": 0
  },
  {
    "id": "78c51621-8ba4-48ad-b036-2b0d4f0278e2",
    "data": [
      {
        "text": "Dr Lui Nai Lee",
        "alias": "Specialist",
        "meta": "@specialist",
        "userDefined": false
      }
    ],
    "isTemplate": false,
    "count": 0,
    "updated": 0
  },
  {
    "id": "eff092dc-4e9c-44e7-9686-a2ae8218b27c",
    "data": [
      {
        "text": "Dr Yeo Siaw Ing",
        "alias": "Specialist",
        "meta": "@specialist",
        "userDefined": true
      }
    ],
    "isTemplate": false,
    "count": 0,
    "updated": 0
  },
  {
    "id": "bfb2fe55-43aa-407a-b67a-9b19f7aadd9a",
    "data": [
      {
        "text": "A/Prof Alfred Kow",
        "alias": "Specialist",
        "meta": "@specialist",
        "userDefined": true
      }
    ],
    "isTemplate": false,
    "count": 0,
    "updated": 0
  },
  {
    "id": "1f2997f1-0239-47ae-aa9b-0cfa08315c5d",
    "data": [
      {
        "text": "Dr Roger Tan",
        "alias": "Specialist",
        "meta": "@specialist",
        "userDefined": true
      }
    ],
    "isTemplate": false,
    "count": 0,
    "updated": 0
  },
  {
    "id": "0358585c-2fa6-4634-a096-09c76f29f946",
    "data": [
      {
        "text": "A/Prof Edmund Chiong",
        "alias": "Specialist",
        "meta": "@specialist",
        "userDefined": true
      }
    ],
    "isTemplate": false,
    "count": 0,
    "updated": 0
  },
  {
    "id": "d06035fd-42ec-45ea-ab7f-a292bf1086fc",
    "data": [
      {
        "text": "Clin A/Prof Chou Ning",
        "alias": "Specialist",
        "meta": "@specialist",
        "userDefined": true
      }
    ],
    "isTemplate": false,
    "count": 0,
    "updated": 0
  },
  {
    "id": "70780884-346a-42b8-830e-63163ae9862e",
    "data": [
      {
        "text": "A/Prof Mariko Koh",
        "alias": "Specialist",
        "meta": "@specialist",
        "userDefined": true
      }
    ],
    "isTemplate": false,
    "count": 0,
    "updated": 0
  },
  {
    "id": "d4714c39-581a-4111-b1c5-bf28bb7e7a0b",
    "data": [
      {
        "text": "Dr Aileen Seah",
        "alias": "Specialist",
        "meta": "@specialist",
        "userDefined": true
      }
    ],
    "isTemplate": false,
    "count": 0,
    "updated": 0
  },
  {
    "id": "d2844afc-c44a-4f17-b240-7f9719c07c73",
    "data": [
      {
        "text": "Dr Asim Shabbir",
        "alias": "Specialist",
        "meta": "@specialist",
        "userDefined": true
      }
    ],
    "isTemplate": false,
    "count": 0,
    "updated": 0
  },
  {
    "id": "a0e3dd55-58e6-4236-802e-dc3b0cb1a9fd",
    "data": [
      {
        "text": "Dr Chan Ching Wan",
        "alias": "Specialist",
        "meta": "@specialist",
        "userDefined": false
      }
    ],
    "isTemplate": false,
    "count": 0,
    "updated": 0
  },
  {
    "id": "cdc2511f-b1ae-46e2-ae1f-0b6cf7a119c1",
    "data": [
      {
        "text": "Dr Charles Tsang",
        "alias": "Specialist",
        "meta": "@specialist",
        "userDefined": true
      }
    ],
    "isTemplate": false,
    "count": 0,
    "updated": 0
  },
  {
    "id": "08be8994-e4fe-4b80-9715-25ba638f6c01",
    "data": [
      {
        "text": "clinic is ",
        "userDefined": false
      },
      {
        "text": "doctor lim",
        "alias": "Specialist",
        "meta": "@specialist",
        "userDefined": true
      }
    ],
    "isTemplate": false,
    "count": 0,
    "updated": 0
  },
  {
    "id": "4ecfcf9a-a9c2-4d38-89e4-70d9bb701d5a",
    "data": [
      {
        "text": "hospitalisation is ",
        "userDefined": false
      },
      {
        "text": "15 apr 2020",
        "alias": "HospitalDate",
        "meta": "@sys.date",
        "userDefined": false
      }
    ],
    "isTemplate": false,
    "count": 0,
    "updated": 0
  },
  {
    "id": "5b6d737a-5546-4809-98e2-7f595f011d6f",
    "data": [
      {
        "text": "doctor luman",
        "alias": "Specialist",
        "meta": "@specialist",
        "userDefined": true
      }
    ],
    "isTemplate": false,
    "count": 0,
    "updated": 0
  },
  {
    "id": "0a53be38-c107-4408-a18d-3ab696639d0e",
    "data": [
      {
        "text": "dr luman",
        "alias": "Specialist",
        "meta": "@specialist",
        "userDefined": true
      }
    ],
    "isTemplate": false,
    "count": 1,
    "updated": 0
  },
  {
    "id": "79e13633-3efc-495d-8b66-49ce6b791b23",
    "data": [
      {
        "text": "yesterday",
        "alias": "HospitalDate",
        "meta": "@sys.date",
        "userDefined": false
      }
    ],
    "isTemplate": false,
    "count": 0,
    "updated": 0
  },
  {
    "id": "00859134-1566-4fec-8973-323025f64807",
    "data": [
      {
        "text": "1 may 2020",
        "alias": "HospitalDate",
        "meta": "@sys.date",
        "userDefined": false
      }
    ],
    "isTemplate": false,
    "count": 0,
    "updated": 0
  },
  {
    "id": "4619285e-0da6-431f-9585-dccfddd95461",
    "data": [
      {
        "text": "hospitalisation about ",
        "userDefined": false
      },
      {
        "text": "brain surgery",
        "alias": "ClaimRemark",
        "meta": "@sys.any",
        "userDefined": true
      }
    ],
    "isTemplate": false,
    "count": 0,
    "updated": 0
  },
  {
    "id": "caedf0a8-cd49-4f4f-9efa-71f1130495a7",
    "data": [
      {
        "text": "treatment for cancer",
        "alias": "ClaimRemark",
        "meta": "@sys.any",
        "userDefined": true
      }
    ],
    "isTemplate": false,
    "count": 0,
    "updated": 0
  },
  {
    "id": "0c9f0136-d221-406d-bfee-0c968ead10d8",
    "data": [
      {
        "text": "cancer treatment",
        "alias": "ClaimRemark",
        "meta": "@sys.any",
        "userDefined": true
      }
    ],
    "isTemplate": false,
    "count": 1,
    "updated": 0
  },
  {
    "id": "6ad470a5-0fd0-440c-aad7-396c7238de44",
    "data": [
      {
        "text": "ICU",
        "alias": "ClaimRemark",
        "meta": "@sys.any",
        "userDefined": true
      }
    ],
    "isTemplate": false,
    "count": 0,
    "updated": 0
  },
  {
    "id": "9f9df9aa-ea5d-4724-a9d6-3f93bfad85d2",
    "data": [
      {
        "text": "LTPN",
        "alias": "ClaimRemark",
        "meta": "@sys.any",
        "userDefined": true
      }
    ],
    "isTemplate": false,
    "count": 0,
    "updated": 0
  },
  {
    "id": "7eaa7a6d-15e7-4c02-9024-fc9066120821",
    "data": [
      {
        "text": "heart surgery",
        "alias": "ClaimRemark",
        "meta": "@sys.any",
        "userDefined": true
      }
    ],
    "isTemplate": false,
    "count": 0,
    "updated": 0
  },
  {
    "id": "0f8a92e1-0c54-47cc-8d60-98b941bffabe",
    "data": [
      {
        "text": "doctor lim teck wah",
        "alias": "Specialist",
        "meta": "@specialist",
        "userDefined": true
      }
    ],
    "isTemplate": false,
    "count": 0,
    "updated": 0
  },
  {
    "id": "a4cacf07-d9ab-4dae-841d-ff92b70cddb4",
    "data": [
      {
        "text": "dr goh",
        "alias": "Specialist",
        "meta": "@specialist",
        "userDefined": false
      }
    ],
    "isTemplate": false,
    "count": 0,
    "updated": 0
  },
  {
    "id": "b673a2bf-8c40-438d-8aae-15e5929cf8dc",
    "data": [
      {
        "text": "the hospitalisation is about ",
        "userDefined": false
      },
      {
        "text": "brain surgery",
        "alias": "ClaimRemark",
        "meta": "@sys.any",
        "userDefined": true
      }
    ],
    "isTemplate": false,
    "count": 0,
    "updated": 0
  },
  {
    "id": "17a7bd85-9a26-4f14-94a5-63d230140a83",
    "data": [
      {
        "text": "sengkang medical centre",
        "alias": "Specialist",
        "meta": "@specialist",
        "userDefined": true
      }
    ],
    "isTemplate": false,
    "count": 0,
    "updated": 0
  },
  {
    "id": "a0fef406-94f6-4d33-8f20-5888f4d3ad98",
    "data": [
      {
        "text": "paragon clinic",
        "alias": "Specialist",
        "meta": "@specialist",
        "userDefined": true
      }
    ],
    "isTemplate": false,
    "count": 0,
    "updated": 0
  },
  {
    "id": "28a839e1-6633-4789-b8e6-61d6cfa656eb",
    "data": [
      {
        "text": "thomson medical",
        "alias": "Specialist",
        "meta": "@specialist",
        "userDefined": true
      }
    ],
    "isTemplate": false,
    "count": 0,
    "updated": 0
  },
  {
    "id": "6d979db5-c542-4f57-9f79-0c11f802983b",
    "data": [
      {
        "text": "the doctor visit is ",
        "userDefined": false
      },
      {
        "text": "yesterday",
        "alias": "DateOcc",
        "meta": "@sys.date",
        "userDefined": true
      }
    ],
    "isTemplate": false,
    "count": 0,
    "updated": 0
  },
  {
    "id": "8aa6266a-8d3e-4d71-9583-5ae3a34c26fb",
    "data": [
      {
        "text": "hospital admission date is ",
        "userDefined": false
      },
      {
        "text": "1st of last month",
        "alias": "HospitalDate",
        "meta": "@sys.date",
        "userDefined": true
      }
    ],
    "isTemplate": false,
    "count": 0,
    "updated": 0
  },
  {
    "id": "775f1afe-c9da-4373-9f47-daafa0855a31",
    "data": [
      {
        "text": "my bill total ",
        "userDefined": false
      },
      {
        "text": "1000",
        "alias": "TotalExp",
        "meta": "@sys.number",
        "userDefined": true
      }
    ],
    "isTemplate": false,
    "count": 0,
    "updated": 0
  }
]