[
  {
    "id": "8f0a02a1-f491-4ee1-8ae7-9238448d2544",
    "data": [
      {
        "text": "sengkang medical centre",
        "alias": "Specialist",
        "meta": "@specialist",
        "userDefined": true
      }
    ],
    "isTemplate": false,
    "count": 0,
    "updated": 0
  },
  {
    "id": "bcc50ea4-b217-4201-9fe2-e80c11a32ea3",
    "data": [
      {
        "text": "paragon clinic",
        "alias": "Specialist",
        "meta": "@specialist",
        "userDefined": true
      }
    ],
    "isTemplate": false,
    "count": 0,
    "updated": 0
  },
  {
    "id": "d6a9db52-786e-409c-a4b3-4efd4e066821",
    "data": [
      {
        "text": "thomson medical",
        "alias": "Specialist",
        "meta": "@specialist",
        "userDefined": true
      }
    ],
    "isTemplate": false,
    "count": 0,
    "updated": 0
  },
  {
    "id": "cd5dc3b0-0142-430a-8804-4e0e01710344",
    "data": [
      {
        "text": "the doctor visit is ",
        "userDefined": false
      },
      {
        "text": "yesterday",
        "alias": "DateOcc",
        "meta": "@sys.date",
        "userDefined": true
      }
    ],
    "isTemplate": false,
    "count": 0,
    "updated": 0
  },
  {
    "id": "97e909dc-fb2f-4d5a-a689-ab956d11dc23",
    "data": [
      {
        "text": "patient id is ",
        "userDefined": false
      },
      {
        "text": "S9090290F",
        "alias": "InsuredId",
        "meta": "@sys.any",
        "userDefined": true
      }
    ],
    "isTemplate": false,
    "count": 0,
    "updated": 0
  },
  {
    "id": "0fbbda61-7f9a-46f7-896f-de1bde9f6c85",
    "data": [
      {
        "text": "my bill total ",
        "userDefined": false
      },
      {
        "text": "1000",
        "alias": "TotalExp",
        "meta": "@sys.number",
        "userDefined": true
      }
    ],
    "isTemplate": false,
    "count": 0,
    "updated": 0
  }
]